{
    "follower_goal": {
        "header": {
            "stamp": {
                "secs": 1576115240, 
                "nsecs": 93773157
            }, 
            "frame_id": "map", 
            "seq": 13
        }, 
        "pose": {
            "position": {
                "y": -0.209797143936, 
                "x": 1.91993665695, 
                "z": 0.0
            }, 
            "orientation": {
                "y": 0.0, 
                "x": 0.0, 
                "z": -0.053346964786, 
                "w": 0.998576036839
            }
        }
    }, 
    "leader_start": {
        "header": {
            "stamp": {
                "secs": 1576115228, 
                "nsecs": 569193237
            }, 
            "frame_id": "map", 
            "seq": 10
        }, 
        "pose": {
            "position": {
                "y": -1.25855207443, 
                "x": -0.944026947021, 
                "z": 0.0
            }, 
            "orientation": {
                "y": 0.0, 
                "x": 0.0, 
                "z": -0.0142221796826, 
                "w": 0.999898859688
            }
        }
    }, 
    "leader_goal": {
        "header": {
            "stamp": {
                "secs": 1576115231, 
                "nsecs": 76684078
            }, 
            "frame_id": "map", 
            "seq": 11
        }, 
        "pose": {
            "position": {
                "y": -1.32810473442, 
                "x": 2.33954381943, 
                "z": 0.0
            }, 
            "orientation": {
                "y": 0.0, 
                "x": 0.0, 
                "z": -0.0188264435162, 
                "w": 0.999822766806
            }
        }
    }, 
    "follower_start": {
        "header": {
            "stamp": {
                "secs": 1576115236, 
                "nsecs": 252505538
            }, 
            "frame_id": "map", 
            "seq": 12
        }, 
        "pose": {
            "position": {
                "y": -0.0135354995728, 
                "x": -0.975849628448, 
                "z": 0.0
            }, 
            "orientation": {
                "y": 0.0, 
                "x": 0.0, 
                "z": -0.0568150321373, 
                "w": 0.998384721499
            }
        }
    }
}