{
    "follower_goal": {
        "header": {
            "stamp": {
                "secs": 1576028752, 
                "nsecs": 359908821
            }, 
            "frame_id": "map", 
            "seq": 3
        }, 
        "pose": {
            "position": {
                "y": 1.87856698036, 
                "x": -0.486825942993, 
                "z": 0.0
            }, 
            "orientation": {
                "y": 0.0, 
                "x": 0.0, 
                "z": 0.999960549239, 
                "w": -0.00888256530434
            }
        }
    }, 
    "leader_start": {
        "header": {
            "stamp": {
                "secs": 1576028743, 
                "nsecs": 783872987
            }, 
            "frame_id": "map", 
            "seq": 0
        }, 
        "pose": {
            "position": {
                "y": 2.04911923409, 
                "x": 1.92715930939, 
                "z": 0.0
            }, 
            "orientation": {
                "y": 0.0, 
                "x": 0.0, 
                "z": 0.999533550452, 
                "w": -0.0305398349962
            }
        }
    }, 
    "leader_goal": {
        "header": {
            "stamp": {
                "secs": 1576028748, 
                "nsecs": 311938889
            }, 
            "frame_id": "map", 
            "seq": 1
        }, 
        "pose": {
            "position": {
                "y": -0.251218736172, 
                "x": -0.560674667358, 
                "z": 0.0
            }, 
            "orientation": {
                "y": 0.0, 
                "x": 0.0, 
                "z": 0.999943206792, 
                "w": -0.0106575414403
            }
        }
    }, 
    "follower_start": {
        "header": {
            "stamp": {
                "secs": 1576028749, 
                "nsecs": 943935478
            }, 
            "frame_id": "map", 
            "seq": 2
        }, 
        "pose": {
            "position": {
                "y": -0.0469406396151, 
                "x": 1.62443208694, 
                "z": 0.0
            }, 
            "orientation": {
                "y": 0.0, 
                "x": 0.0, 
                "z": 0.999933082307, 
                "w": 0.0115685308955
            }
        }
    }
}