{
    "follower_goal": {
        "header": {
            "stamp": {
                "secs": 1576034032, 
                "nsecs": 897506593
            }, 
            "frame_id": "map", 
            "seq": 3
        }, 
        "pose": {
            "position": {
                "y": -0.645840704441, 
                "x": -0.169563293457, 
                "z": 0.0
            }, 
            "orientation": {
                "y": 0.0, 
                "x": 0.0, 
                "z": -0.704998245519, 
                "w": 0.709209048035
            }
        }
    }, 
    "leader_start": {
        "header": {
            "stamp": {
                "secs": 1576034019, 
                "nsecs": 17459474
            }, 
            "frame_id": "map", 
            "seq": 0
        }, 
        "pose": {
            "position": {
                "y": 3.27460360527, 
                "x": 0.91172504425, 
                "z": 0.0
            }, 
            "orientation": {
                "y": 0.0, 
                "x": 0.0, 
                "z": -0.709661123889, 
                "w": 0.704543177698
            }
        }
    }, 
    "leader_goal": {
        "header": {
            "stamp": {
                "secs": 1576034020, 
                "nsecs": 753356070
            }, 
            "frame_id": "map", 
            "seq": 1
        }, 
        "pose": {
            "position": {
                "y": 3.18800187111, 
                "x": -0.494675159454, 
                "z": 0.0
            }, 
            "orientation": {
                "y": 0.0, 
                "x": 0.0, 
                "z": -0.677210160117, 
                "w": 0.735789643196
            }
        }
    }, 
    "follower_start": {
        "header": {
            "stamp": {
                "secs": 1576034029, 
                "nsecs": 497446682
            }, 
            "frame_id": "map", 
            "seq": 2
        }, 
        "pose": {
            "position": {
                "y": -1.32849431038, 
                "x": 0.886719703674, 
                "z": 0.0
            }, 
            "orientation": {
                "y": 0.0, 
                "x": 0.0, 
                "z": -0.65036165816, 
                "w": 0.75962471892
            }
        }
    }
}