{
    "follower_goal": {
        "header": {
            "stamp": {
                "secs": 1576081938, 
                "nsecs": 689479699
            }, 
            "frame_id": "map", 
            "seq": 7
        }, 
        "pose": {
            "position": {
                "y": -2.72709870338, 
                "x": -2.09840965271, 
                "z": 0.0
            }, 
            "orientation": {
                "y": 0.0, 
                "x": 0.0, 
                "z": 0.929847721852, 
                "w": 0.367944580293
            }
        }
    }, 
    "leader_start": {
        "header": {
            "stamp": {
                "secs": 1576081937, 
                "nsecs": 193392734
            }, 
            "frame_id": "map", 
            "seq": 4
        }, 
        "pose": {
            "position": {
                "y": 2.20725679398, 
                "x": 1.01107120514, 
                "z": 0.0
            }, 
            "orientation": {
                "y": 0.0, 
                "x": 0.0, 
                "z": 0.998860637633, 
                "w": 0.0477223908337
            }
        }
    }, 
    "leader_goal": {
        "header": {
            "stamp": {
                "secs": 1576081937, 
                "nsecs": 713502482
            }, 
            "frame_id": "map", 
            "seq": 5
        }, 
        "pose": {
            "position": {
                "y": 0.144528001547, 
                "x": -2.15667557716, 
                "z": 0.0
            }, 
            "orientation": {
                "y": 0.0, 
                "x": 0.0, 
                "z": 0.999680203412, 
                "w": 0.0252881574197
            }
        }
    }, 
    "follower_start": {
        "header": {
            "stamp": {
                "secs": 1576081938, 
                "nsecs": 233572246
            }, 
            "frame_id": "map", 
            "seq": 6
        }, 
        "pose": {
            "position": {
                "y": 1.04540622234, 
                "x": -1.66363930702, 
                "z": 0.0
            }, 
            "orientation": {
                "y": 0.0, 
                "x": 0.0, 
                "z": 0.99547238125, 
                "w": -0.0950512396982
            }
        }
    }
}