{
    "follower_goal": {
        "header": {
            "stamp": {
                "secs": 1576022090, 
                "nsecs": 177501940
            }, 
            "frame_id": "map", 
            "seq": 7
        }, 
        "pose": {
            "position": {
                "y": -0.142059445381, 
                "x": -1.10448980331, 
                "z": 0.0
            }, 
            "orientation": {
                "y": 0.0, 
                "x": 0.0, 
                "z": 0.0086543547118, 
                "w": 0.999962550371
            }
        }
    }, 
    "leader_start": {
        "header": {
            "stamp": {
                "secs": 1576022089, 
                "nsecs": 112533793
            }, 
            "frame_id": "map", 
            "seq": 4
        }, 
        "pose": {
            "position": {
                "y": -0.649568080902, 
                "x": -1.2522444725, 
                "z": 0.0
            }, 
            "orientation": {
                "y": 0.0, 
                "x": 0.0, 
                "z": 0.999672293899, 
                "w": -0.0255989220771
            }
        }
    }, 
    "leader_goal": {
        "header": {
            "stamp": {
                "secs": 1576022089, 
                "nsecs": 520498523
            }, 
            "frame_id": "map", 
            "seq": 5
        }, 
        "pose": {
            "position": {
                "y": 0.42695325613, 
                "x": -0.499884128571, 
                "z": 0.0
            }, 
            "orientation": {
                "y": 0.0, 
                "x": 0.0, 
                "z": 0.148742752486, 
                "w": 0.988875924261
            }
        }
    }, 
    "follower_start": {
        "header": {
            "stamp": {
                "secs": 1576022089, 
                "nsecs": 848530142
            }, 
            "frame_id": "map", 
            "seq": 6
        }, 
        "pose": {
            "position": {
                "y": 0.736627221107, 
                "x": -0.213609218597, 
                "z": 0.0
            }, 
            "orientation": {
                "y": 0.0, 
                "x": 0.0, 
                "z": 0.98902323779, 
                "w": -0.147760059256
            }
        }
    }
}