{
    "follower_goal": {
        "header": {
            "stamp": {
                "secs": 1576076792, 
                "nsecs": 307126398
            }, 
            "frame_id": "map", 
            "seq": 3
        }, 
        "pose": {
            "position": {
                "y": 1.65065228939, 
                "x": 1.86768245697, 
                "z": 0.0
            }, 
            "orientation": {
                "y": 0.0, 
                "x": 0.0, 
                "z": 0.998595599625, 
                "w": -0.0529795093456
            }
        }
    }, 
    "leader_start": {
        "header": {
            "stamp": {
                "secs": 1576076790, 
                "nsecs": 929899592
            }, 
            "frame_id": "map", 
            "seq": 0
        }, 
        "pose": {
            "position": {
                "y": 1.7729498148, 
                "x": -0.456980228424, 
                "z": 0.0
            }, 
            "orientation": {
                "y": 0.0, 
                "x": 0.0, 
                "z": 0.999869461471, 
                "w": -0.0161573518259
            }
        }
    }, 
    "leader_goal": {
        "header": {
            "stamp": {
                "secs": 1576076791, 
                "nsecs": 393448937
            }, 
            "frame_id": "map", 
            "seq": 1
        }, 
        "pose": {
            "position": {
                "y": 0.297493100166, 
                "x": -1.06864547729, 
                "z": 0.0
            }, 
            "orientation": {
                "y": 0.0, 
                "x": 0.0, 
                "z": 0.997720825654, 
                "w": -0.0674770631906
            }
        }
    }, 
    "follower_start": {
        "header": {
            "stamp": {
                "secs": 1576076791, 
                "nsecs": 865606167
            }, 
            "frame_id": "map", 
            "seq": 2
        }, 
        "pose": {
            "position": {
                "y": -0.379552423954, 
                "x": -1.35205936432, 
                "z": 0.0
            }, 
            "orientation": {
                "y": 0.0, 
                "x": 0.0, 
                "z": -0.0825401079452, 
                "w": 0.996587743543
            }
        }
    }
}